label,P_bar,phi,T_mix,NOx_sim_ppm,NOx_meas_ppm,NOx_ref_ppm,delta_NOx_exp,tau_ms
H2 1200K 3bar 0.55g/s,3,0.024478605698619406,1182.565358643955,0.16096179402897076,49.8,42.43,7.369999999999997,0.41145999999982574
H2 1200K 3bar 1.20g/s,3,0.058748653676686566,1171.7205894658957,0.21198855513435433,54.3,42.43,11.869999999999997,0.38307999999984044
H2 1200K 3bar 1.53g/s,3,0.07490453343777538,1166.6987632361543,0.23445348947949093,32.41,42.43,-10.020000000000003,0.3712599999998466
H2 1200K 5bar 0.55g/s,5,0.01660663117879907,1185.0941782435145,0.19514392508821632,77.69,130.3,-52.610000000000014,0.42860999999981686
H2 1200K 5bar 1.21g/s,5,0.036534588593357946,1178.7200011356329,0.28175262397276957,113.94,130.3,-16.360000000000014,0.4099999999998265
H2 1200K 5bar 1.52g/s,5,0.045894689803226515,1175.7572564702825,0.3049727175472806,133.65,130.3,3.3499999999999943,0.40185999999983074
H2 1200K 7bar 0.54g/s,7,0.011566141192597667,1186.7209337147292,0.1840952418170153,180.12,140.82,39.30000000000001,0.4301199999998161
H2 1200K 7bar 1.21g/s,7,0.02591672378341329,1182.104913915857,0.30811377210961927,160.59,140.82,19.77000000000001,0.41624999999982326
H2 1200K 7bar 1.53g/s,7,0.03277073337902673,1179.916957177257,0.3471411145095225,172.46,140.82,31.640000000000015,0.40993999999982655
